Column,Metafile heading,Metafile description,Methodology changes,Null field for special schools,Null field for local authority records,Null field for National (all schools) records,Null field for National (maintained schools) records,,,,,,,,,,,,,,,,,,
1,RECTYPE,Record type (1=mainstream school; 2=special school; 4=local authority; 5=National (all schools); 7=National (maintained schools)),,,,,,,,,,,,,,,,,,,,,,,
2,ALPHAIND,Alphabetic sorting index,,,Yes,Yes,Yes,,,,,,,,,,,,,,,,,,
3,LEA,Local authority code (see separate list of local authorities and their codes),,,,Yes,Yes,,,,,,,,,,,,,,,,,,
4,ESTAB,Establishment number,,,Yes,Yes,Yes,,,,,,,,,,,,,,,,,,
5,URN,School Unique Reference Number,,,Yes,Yes,Yes,,,,,,,,,,,,,,,,,,
6,SCHNAME,School name,,,Yes,Yes,Yes,,,,,,,,,,,,,,,,,,
7,SCHNAME_AC,School now known as (used if the school has converted to an academy on or after 12 Sept 2015),,,Yes,Yes,Yes,,,,,,,,,,,,,,,,,,
8,ADDRESS1,School address (1),,,Yes,Yes,Yes,,,,,,,,,,,,,,,,,,
9,ADDRESS2,School address (2),,,Yes,Yes,Yes,,,,,,,,,,,,,,,,,,
10,ADDRESS3,School address (3),,,Yes,Yes,Yes,,,,,,,,,,,,,,,,,,
11,TOWN,School town,,,Yes,Yes,Yes,,,,,,,,,,,,,,,,,,
12,PCODE,School postcode,,,Yes,Yes,Yes,,,,,,,,,,,,,,,,,,
13,TELNUM,School telephone number,,,Yes,Yes,Yes,,,,,,,,,,,,,,,,,,
14,CONTFLAG,Contingency flag - school results 'significantly affected'. This field is zero for all schools.,,,Yes,Yes,Yes,,,,,,,,,,,,,,,,,,
15,ICLOSE,Closed school flag (0=open; 1=closed),,,Yes,Yes,Yes,,,,,,,,,,,,,,,,,,
16,NFTYPE,School type (see separate list of abbreviations used in the tables),,,Yes,Yes,Yes,,,,,,,,,,,,,,,,,,
17,RELDENOM,School religious character,,,Yes,Yes,Yes,,,,,,,,,,,,,,,,,,
18,ADMPOL,School admissions policy (self-declared by schools on Edubase),,,Yes,Yes,Yes,,,,,,,,,,,,,,,,,,
19,ADMPOL_2017,School admissions policy as in KS4 SFR from 2017 onwards See 'abbrevations' document for more informaton.,,,Yes,Yes,Yes,,,,,,,,,,,,,,,,,,
20,EGENDER,School gender of entry,,,Yes,Yes,Yes,,,,,,,,,,,,,,,,,,
21,FEEDER,Indicates whether school is a feeder school for sixth form centre/consortia (0=No; 1=Yes),,,Yes,Yes,Yes,,,,,,,,,,,,,,,,,,
22,TABKS2,Indicates whether school is published in the primary school (key stage 2) performance tables (0=No; 1=Yes),,,Yes,Yes,Yes,,,,,,,,,,,,,,,,,,
23,TAB1618,Indicates whether school is published in the school and college (16-18) performance tables (0=No; 1=Yes),,,Yes,Yes,Yes,,,,,,,,,,,,,,,,,,
24,AGERANGE,Age range,,,Yes,Yes,Yes,,,,,,,,,,,,,,,,,,
25,CONFEXAM,Indicates whether the school has checked its results (R=No; blank=Yes),,,Yes,Yes,Yes,,,,,,,,,,,,,,,,,,
26,TOTPUPS,Number of pupils on roll (all ages),,,,,,,,,,,,,,,,,,,,,,,
27,NUMBOYS,Total boys on roll (including part-time pupils),,,,,,,,,,,,,,,,,,,,,,,
28,NUMGIRLS,Total girls on roll (including part-time pupils),,,,,,,,,,,,,,,,,,,,,,,
29,TPUP,Number of pupils at the end of key stage 4,,,,,,,,,,,,,,,,,,,,,,,
30,BPUP,Number of boys at the end of key stage 4,,,,,,,,,,,,,,,,,,,,,,,
31,PBPUP,Percentage of pupils at the end of key stage 4 who are boys,,,,,,,,,,,,,,,,,,,,,,,
32,GPUP,Number of girls at the end of key stage 4,,,,,,,,,,,,,,,,,,,,,,,
33,PGPUP,Percentage of pupils at the end key stage 4 who are girls,,,,,,,,,,,,,,,,,,,,,,,
34,KS2APS,Key stage 2 Average Points Score of the cohort at the end of key stage 4,,,,Yes,,,,,,,,,,,,,,,,,,,
35,TPRIORLO,Number of pupils at the end of key stage 4 with low prior attainment at the end of key stage 2,,,,Yes,,,,,,,,,,,,,,,,,,,
36,PTPRIORLO,Percentage of pupils at the end of key stage 4 with low prior attainment at the end of key stage 2,,,,Yes,,,,,,,,,,,,,,,,,,,
37,TPRIORAV,Number of pupils at the end of key stage 4 with middle prior attainment at the end of key stage 2,,,,Yes,,,,,,,,,,,,,,,,,,,
38,PTPRIORAV,Percentage of pupils at the end of key stage 4 with middle prior attainment at the end of key stage 2,,,,Yes,,,,,,,,,,,,,,,,,,,
39,TPRIORHI,Number of pupils at the end of key stage 4 with high prior attainment at the end of key stage 2,,,,Yes,,,,,,,,,,,,,,,,,,,
40,PTPRIORHI,Percentage of pupils at the end of key stage 4 with high prior attainment at the end of key stage 2,,,,Yes,,,,,,,,,,,,,,,,,,,
41,TFSM6CLA1A,Number of disadvantaged pupils at the end of key stage 4,,,,Yes,,,,,,,,,,,,,,,,,,,
42,PTFSM6CLA1A,Percentage of pupils at the end of key stage 4 who are disadvantaged,,,,Yes,,,,,,,,,,,,,,,,,,,
43,TNOTFSM6CLA1A,Number of non-disadvantaged pupils at the end of key stage 4,,,,Yes,,,,,,,,,,,,,,,,,,,
44,PTNOTFSM6CLA1A,Percentage of pupils at the end of key stage 4 who are not disadvantaged,,,,Yes,,,,,,,,,,,,,,,,,,,
45,TEALGRP2,Number of pupils at the end of key stage 4 with English as additional language (EAL),,,,Yes,,,,,,,,,,,,,,,,,,,
46,PTEALGRP2,Percentage of pupils at the end of key stage 4 with English as additional language (EAL),,,,Yes,,,,,,,,,,,,,,,,,,,
47,TEALGRP1,Number of pupils at the end of key stage 4 with English as their first language,,,,Yes,,,,,,,,,,,,,,,,,,,
48,PTEALGRP1,Percentage of pupils at the end of key stage 4 with English as their first language,,,,Yes,,,,,,,,,,,,,,,,,,,
49,TEALGRP3,Number of pupils at the end of key stage 4 whose first language is unclassified,,,,Yes,,,,,,,,,,,,,,,,,,,
50,PTEALGRP3,Percentage of pupils at the end of key stage 4 whose first language is unclassified,,,,Yes,,,,,,,,,,,,,,,,,,,
51,TNMOB,Number of pupils at the end of key stage 4 who are non-mobile,,,,Yes,,,,,,,,,,,,,,,,,,,
52,PTNMOB,Percentage of pupils at the end of key stage 4 who are non-mobile,,,,Yes,,,,,,,,,,,,,,,,,,,
53,SENSE4,"Number of pupils at the end of key stage 4 with special educational needs (SEN) with a statement or Education, health and care (EHC) plan",,Yes,,Yes,,,,,,,,,,,,,,,,,,,
54,PSENSE4,"Percentage of pupils at the end of key stage 4 with special educational needs (SEN) with a statement or Education, health and care (EHC) plan",,Yes,,Yes,,,,,,,,,,,,,,,,,,,
55,SENAPK4,"Number of pupils at the end of key stage 4 with special educational needs (SEN) without a statement or Education, health and care (EHC) plan",,Yes,,Yes,,,,,,,,,,,,,,,,,,,
56,PSENAPK4,"Percentage of pupils at the end of key stage 4 with special educational needs (SEN) without a statement or Education, health and care (EHC) plan",,Yes,,Yes,,,,,,,,,,,,,,,,,,,
57,TOTATT8,Total sum of Attainment 8 scores,,,,,,,,,,,,,,,,,,,,,,,
58,ATT8SCR,Average Attainment 8 score per pupil,,,,,,,,,,,,,,,,,,,,,,,
59,TOTATT8ENG,Total sum of Attainment 8 scores for English element,,,,,,,,,,,,,,,,,,,,,,,
60,ATT8SCRENG,Average Attainment 8 score per pupil for English element,,,,,,,,,,,,,,,,,,,,,,,
61,TOTATT8MAT,Total sum of Attainment 8 scores for mathematics element,,,,,,,,,,,,,,,,,,,,,,,
62,ATT8SCRMAT,Average Attainment 8 score per pupil for mathematics element,,,,,,,,,,,,,,,,,,,,,,,
63,TOTATT8EBAC,Total sum of Attainment 8 scores for EBacc element,,,,,,,,,,,,,,,,,,,,,,,
64,ATT8SCREBAC,Average Attainment 8 score per pupil for EBacc element,,,,,,,,,,,,,,,,,,,,,,,
65,TOTATT8OPEN,Total sum of Attainment 8 scores for open element,,,,,,,,,,,,,,,,,,,,,,,
66,ATT8SCROPEN,Average Attainment 8 score per pupil for open element,,,,,,,,,,,,,,,,,,,,,,,
67,TOTATT8OPENG,Total sum of Attainment 8 scores for open element - GCSE only,,,,,,,,,,,,,,,,,,,,,,,
68,ATT8SCROPENG,Average Attainment 8 score per pupil for open element - GCSE only,,,,,,,,,,,,,,,,,,,,,,,
69,TOTATT8OPENNG,Total sum of Attainment 8 scores for open element - non-GCSE only,,,,,,,,,,,,,,,,,,,,,,,
70,ATT8SCROPENNG,Average Attainment 8 score per pupil for open element - non-GCSE only,,,,,,,,,,,,,,,,,,,,,,,
71,AVGEBACFILL,Average number of EBacc slots filled in Attainment 8 per pupil,,,,,,,,,,,,,,,,,,,,,,,
72,AVGOPENFILL,Average number of Open slots filled in Attainment 8 per pupil,,,,,,,,,,,,,,,,,,,,,,,
73,P8PUP,Number of pupils included in Progress 8 measure,,,,Yes,,,,,,,,,,,,,,,,,,,
74,P8MEACOV,Percentage of pupils at the end of key stage 4 included in Progress 8 measure,,,,Yes,,,,,,,,,,,,,,,,,,,
75,P8MEA,Progress 8 measure,,,,Yes,,,,,,,,,,,,,,,,,,,
76,P8CILOW,Lower 95% confidence interval for Progress 8 measure,,,,Yes,Yes,,,,,,,,,,,,,,,,,,
77,P8CIUPP,Upper 95% confidence interval for Progress 8 measure,,,,Yes,Yes,,,,,,,,,,,,,,,,,,
78,P8MEAENG,Progress 8 measure for English element,,,,Yes,,,,,,,,,,,,,,,,,,,
79,P8MEAENG_CILOW,Lower 95% confidence interval for Progress 8 English element,,,,Yes,Yes,,,,,,,,,,,,,,,,,,
80,P8MEAENG_CIUPP,Upper 95% confidence interval for Progress 8 English element,,,,Yes,Yes,,,,,,,,,,,,,,,,,,
81,P8MEAMAT,Progress 8 measure for mathematics element,,,,Yes,,,,,,,,,,,,,,,,,,,
82,P8MEAMAT_CILOW,Lower 95% confidence interval for Progress 8 maths element,,,,Yes,Yes,,,,,,,,,,,,,,,,,,
83,P8MEAMAT_CIUPP,Upper 95% confidence interval for Progress 8 maths element,,,,Yes,Yes,,,,,,,,,,,,,,,,,,
84,P8MEAEBAC,Progress 8 measure for EBacc element,,,,Yes,,,,,,,,,,,,,,,,,,,
85,P8MEAEBAC_CILOW,Lower 95% confidence interval for Progress 8 EBacc element,,,,Yes,Yes,,,,,,,,,,,,,,,,,,
86,P8MEAEBAC_CIUPP,Upper 95% confidence interval for Progress 8 EBacc element,,,,Yes,Yes,,,,,,,,,,,,,,,,,,
87,P8MEAOPEN,Progress 8 measure for open element,,,,Yes,,,,,,,,,,,,,,,,,,,
88,P8MEAOPEN_CILOW,Lower 95% confidence interval for Progress 8 open element,,,,Yes,Yes,,,,,,,,,,,,,,,,,,
89,P8MEAOPEN_CIUPP,Upper 95% confidence interval for Progress 8 open element,,,,Yes,Yes,,,,,,,,,,,,,,,,,,
90,PTL2BASICS_94,Percentage of pupils achieving standard passes (grades 9-4) in both English and mathematics GCSEs,Yes - see 2017 methodology sheet for methodology change,,,,,,,,,,,,,,,,,,,,,,
91,PTL2BASICS_95,Percentage of pupils achieving strong passes (grades 9-5) in both English and mathematics GCSEs,Yes - see 2017 methodology sheet for methodology change,,,,,,,,,,,,,,,,,,,,,,
92,TEBACC_E_PTQ_EE,Number of key stage 4 pupils with entries in all English Baccalaureate subject areas,,,,,,,,,,,,,,,,,,,,,,,
93,PTEBACC_E_PTQ_EE,Percentage of key stage 4 pupils with entries in all English Baccalaureate subject areas,,,,,,,,,,,,,,,,,,,,,,,
94,PTEBACC_94,Percentage of pupils achieving the English Baccalaureate with standard passes (grades 9-4) in both English and maths and A*-C grades in the remaining elements,Yes - see 2017 methodology sheet for methodology change,,,,,,,,,,,,,,,,,,,,,,
95,PTEBACC_95,Percentage of pupils achieving the English Baccalaureate with strong passes (grades 9-5) in both English and maths and A*-C grades in the remaining elements,Yes - see 2017 methodology sheet for methodology change,,,,,,,,,,,,,,,,,,,,,,
96,TEBACENG_E_PTQ_EE,Number of pupils entering the English Baccalaureate English subject area,,,,,,,,,,,,,,,,,,,,,,,
97,PTEBACENG_E_PTQ_EE,Percentage of pupils entering the English Baccalaureate English subject area,,,,,,,,,,,,,,,,,,,,,,,
98,TEBACMAT_E_PTQ_EE,Number of pupils entering the English Baccalaureate Maths subject area,,,,,,,,,,,,,,,,,,,,,,,
99,PTEBACMAT_E_PTQ_EE,Percentage of pupils entering the English Baccalaureate Maths subject area,,,,,,,,,,,,,,,,,,,,,,,
100,TEBAC2SCI_E_PTQ_EE,Number of pupils entering the English Baccalaureate Science subject area,,,,,,,,,,,,,,,,,,,,,,,
101,PTEBAC2SCI_E_PTQ_EE,Percentage of pupils entering the English Baccalaureate Science subject area,,,,,,,,,,,,,,,,,,,,,,,
102,TEBACHUM_E_PTQ_EE,Number of pupils entering the English Baccalaureate Humanities subject area,,,,,,,,,,,,,,,,,,,,,,,
103,PTEBACHUM_E_PTQ_EE,Percentage of pupils entering the English Baccalaureate Humanities subject area,,,,,,,,,,,,,,,,,,,,,,,
104,TEBACLAN_E_PTQ_EE,Number of pupils entering the English Baccalaureate Language subject area,,,,,,,,,,,,,,,,,,,,,,,
105,PTEBACLAN_E_PTQ_EE,Percentage of pupils entering the English Baccalaureate Language subject area,,,,,,,,,,,,,,,,,,,,,,,
106,PTEBACENG_94,Percentage of pupils achieving the English Baccalaureate English subject area with a standard pass (grades 9-4),Yes - see 2017 methodology sheet for methodology change,,,,,,,,,,,,,,,,,,,,,,
107,PTEBACENG_95,Percentage of pupils achieving the English Baccalaureate English subject area with a strong pass (grades 9-5),Yes - see 2017 methodology sheet for methodology change,,,,,,,,,,,,,,,,,,,,,,
108,PTEBACMAT_94,Percentage of pupils achieving the English Baccalaureate Maths subject area with a standard pass (grades 9-4),Yes - see 2017 methodology sheet for methodology change,,,,,,,,,,,,,,,,,,,,,,
109,PTEBACMAT_95,Percentage of pupils achieving the English Baccalaureate Maths subject area with a strong pass (grades 9-5),Yes - see 2017 methodology sheet for methodology change,,,,,,,,,,,,,,,,,,,,,,
110,PTEBAC2SCI_PTQ_EE,Percentage of entered pupils achieving the English Baccalaureate Science subject area,,,,,,,,,,,,,,,,,,,,,,,
111,PTEBACHUM_PTQ_EE,Percentage of entered pupils achieving the English Baccalaureate Humanities subject area,,,,,,,,,,,,,,,,,,,,,,,
112,PTEBACLAN_PTQ_EE,Percentage of entered pupils achieving the English Baccalaureate Language subject area,,,,,,,,,,,,,,,,,,,,,,,
113,SCIVACOV_PTQ_EE,Coverage of the English Baccalaureate Science Value Added indicators of those who entered for science,,,Yes,Yes,Yes,,,,,,,,,,,,,,,,,,
114,HUMVACOV_PTQ_EE,Coverage of the English Baccalaureate Humanities Value Added indicators of those who entered for humanities,,,Yes,Yes,Yes,,,,,,,,,,,,,,,,,,
115,LANVACOV_PTQ_EE,Coverage of the English Baccalaureate Language Value Added indicators of those who entered for languages,,,Yes,Yes,Yes,,,,,,,,,,,,,,,,,,
116,SCIVAMEA_PTQ_EE,English Baccalaureate Science Value Added measure,,,Yes,Yes,Yes,,,,,,,,,,,,,,,,,,
117,SCIVALOW_PTQ_EE,English Baccalaureate Science Value Added lower 95% confidence limit,,,Yes,Yes,Yes,,,,,,,,,,,,,,,,,,
118,SCIVAUPP_PTQ_EE,English Baccalaureate Science Value Added upper 95% confidence limit,,,Yes,Yes,Yes,,,,,,,,,,,,,,,,,,
119,HUMVAMEA_PTQ_EE,English Baccalaureate Humanities Value Added measure,,,Yes,Yes,Yes,,,,,,,,,,,,,,,,,,
120,HUMVALOW_PTQ_EE,English Baccalaureate Humanities Value Added lower 95% confidence limit,,,Yes,Yes,Yes,,,,,,,,,,,,,,,,,,
121,HUMVAUPP_PTQ_EE,English Baccalaureate Humanities Value Added upper 95% confidence limit,,,Yes,Yes,Yes,,,,,,,,,,,,,,,,,,
122,LANVAMEA_PTQ_EE,English Baccalaureate Languages Value Added measure,,,Yes,Yes,Yes,,,,,,,,,,,,,,,,,,
123,LANVALOW_PTQ_EE,English Baccalaureate Languages Value Added lower 95% confidence limit,,,Yes,Yes,Yes,,,,,,,,,,,,,,,,,,
124,LANVAUPP_PTQ_EE,English Baccalaureate Languages Value Added upper 95% confidence limit,,,Yes,Yes,Yes,,,,,,,,,,,,,,,,,,
125,TEBACENG_94,Number of pupils achieving the English Baccalaureate English subject area with a standard pass (grades 9-4),Yes - see 2017 methodology sheet for methodology change,,,,,,,,,,,,,,,,,,,,,,
126,TEBACENG_95,Number of pupils achieving the English Baccalaureate English subject area with a strong pass (grades 9-5),Yes - see 2017 methodology sheet for methodology change,,,,,,,,,,,,,,,,,,,,,,
127,TEBACMAT_94,Number of pupils achieving the English Baccalaureate Maths subject area with a standard pass (grades 9-4),Yes - see 2017 methodology sheet for methodology change,,,,,,,,,,,,,,,,,,,,,,
128,TEBACMAT_95,Number of pupils achieving the English Baccalaureate Maths subject area with a strong pass (grades 9-5),Yes - see 2017 methodology sheet for methodology change,,,,,,,,,,,,,,,,,,,,,,
129,TEBAC2SCI_PTQ_EE,Number of pupils achieving the English Baccalaureate Science subject area,,,,,,,,,,,,,,,,,,,,,,,
130,TEBACHUM_PTQ_EE,Number of pupils achieving the English Baccalaureate Humanities subject area,,,,,,,,,,,,,,,,,,,,,,,
131,TEBACLAN_PTQ_EE,Number of pupils achieving the English Baccalaureate Language subject area,,,,,,,,,,,,,,,,,,,,,,,
132,TEBACC91,Number of pupils achieving the English Baccalaureate at grades 9-1 in both English and maths and A*-G grades in the remaining elements,,,,,,,,,,,,,,,,,,,,,,,
133,PTEBACC91,Percentage of pupils achieving the English Baccalaureate at grades 9-1 in both English and maths and A*-G grades in the remaining elements,,,,,,,,,,,,,,,,,,,,,,,
134,TEBACENG91,Number of pupils achieving the English Baccalaureate English subject area at grades 9-1,,,,,,,,,,,,,,,,,,,,,,,
135,PTEBACENG91,Percentage of entered pupils achieving the English Baccalaureate English subject area at grades 9-1,,,,,,,,,,,,,,,,,,,,,,,
136,TEBACMAT91,Number of pupils achieving the English Baccalaureate Maths subject area at grades 9-1,,,,,,,,,,,,,,,,,,,,,,,
137,PTEBACMAT91,Percentage of entered pupils achieving the English Baccalaureate Maths subject area at grades 9-1,,,,,,,,,,,,,,,,,,,,,,,
138,TEBAC2SCIAG_PTQ_EE,Number of pupils achieving the English Baccalaureate Science subject area at grades A*-G,,,,,,,,,,,,,,,,,,,,,,,
139,PTEBAC2SCIAG_PTQ_EE,Percentage of entered pupils achieving the English Baccalaureate Science subject area at grades A*-G,,,,,,,,,,,,,,,,,,,,,,,
140,TEBACHUMAG_PTQ_EE,Number of pupils achieving the English Baccalaureate Humanities subject area at grade A*-G,,,,,,,,,,,,,,,,,,,,,,,
141,PTEBACHUMAG_PTQ_EE,Percentage of entered pupils achieving the English Baccalaureate Humanities subject area at grades A*-G,,,,,,,,,,,,,,,,,,,,,,,
142,TEBACLANAG_PTQ_EE,Number of pupils achieving the English Baccalaureate Language subject area at grade A*-G,,,,,,,,,,,,,,,,,,,,,,,
143,PTEBACLANAG_PTQ_EE,Percentage of entered pupils achieving the English Baccalaureate Language subject area at grade A*-G,,,,,,,,,,,,,,,,,,,,,,,
144,ATT8SCR_FSM6CLA1A,Average Attainment 8 score per disadvantaged pupil,,,,Yes,,,,,,,,,,,,,,,,,,,
145,P8PUP_FSM6CLA1A,Number of disadvantaged pupils in Progress 8 measure,,,,Yes,,,,,,,,,,,,,,,,,,,
146,P8MEA_FSM6CLA1A,Progress 8 measure - disadvantaged pupils,,,,Yes,,,,,,,,,,,,,,,,,,,
147,P8CILOW_FSM6CLA1A,Progress 8 lower 95% confidence interval - disadvantaged pupils,,,,Yes,,,,,,,,,,,,,,,,,,,
148,P8CIUPP_FSM6CLA1A,Progress 8 upper 95% confidence interval - disadvantaged pupils,,,,Yes,,,,,,,,,,,,,,,,,,,
149,ATT8SCR_NFSM6CLA1A,Average Attainment 8 score per non-disadvantaged pupil,,,,Yes,,,,,,,,,,,,,,,,,,,
150,P8PUP_NFSM6CLA1A,Number of non-disadvantaged pupils in Progress 8 measure,,,,Yes,,,,,,,,,,,,,,,,,,,
151,P8MEA_NFSM6CLA1A,Progress 8 measure - non-disadvantaged pupils,,,,Yes,,,,,,,,,,,,,,,,,,,
152,P8CILOW_NFSM6CLA1A,Progress 8 lower 95% confidence interval - non-disadvantaged pupils,,,,Yes,,,,,,,,,,,,,,,,,,,
153,P8CIUPP_NFSM6CLA1A,Progress 8 upper 95% confidence interval - non-disadvantaged pupils,,,,Yes,,,,,,,,,,,,,,,,,,,
154,ATT8SCRENG_FSM6CLA1A,Average Attainment 8 score per disadvantaged pupil for English element,,,,Yes,,,,,,,,,,,,,,,,,,,
155,P8MEAENG_FSM6CLA1A,Progress 8 measure for English element - disadvantaged pupils,,,,Yes,,,,,,,,,,,,,,,,,,,
156,P8MEAENG_CILOW_FSM6CLA1A,Lower 95% confidence interval for Progress 8 English element for disadvantaged pupils,,,,Yes,,,,,,,,,,,,,,,,,,,
157,P8MEAENG_CIUPP_FSM6CLA1A,Upper 95% confidence interval for Progress 8 English element for disadvantaged pupils,,,,Yes,,,,,,,,,,,,,,,,,,,
158,ATT8SCRMAT_FSM6CLA1A,Average Attainment 8 score per disadvantaged pupil for mathematics element,,,,Yes,,,,,,,,,,,,,,,,,,,
159,P8MEAMAT_FSM6CLA1A,Progress 8 measure for maths element - disadvantaged pupils,,,,Yes,,,,,,,,,,,,,,,,,,,
160,P8MEAMAT_CILOW_FSM6CLA1A,Lower 95% confidence interval for Progress 8 maths element for disadvantaged pupils,,,,Yes,,,,,,,,,,,,,,,,,,,
161,P8MEAMAT_CIUPP_FSM6CLA1A,Upper 95% confidence interval for Progress 8 maths element for disadvantaged pupils,,,,Yes,,,,,,,,,,,,,,,,,,,
162,ATT8SCREBAC_FSM6CLA1A,Average Attainment 8 score per disadvantaged pupil for EBacc element,,,,Yes,,,,,,,,,,,,,,,,,,,
163,P8MEAEBAC_FSM6CLA1A,Progress 8 measure for EBacc element - disadvantaged pupils,,,,Yes,,,,,,,,,,,,,,,,,,,
164,P8MEAEBAC_CILOW_FSM6CLA1A,Lower 95% confidence interval for Progress 8 EBacc element for disadvantaged pupils,,,,Yes,,,,,,,,,,,,,,,,,,,
165,P8MEAEBAC_CIUPP_FSM6CLA1A,Upper 95% confidence interval for Progress 8 EBacc element for disadvantaged pupils,,,,Yes,,,,,,,,,,,,,,,,,,,
166,ATT8SCROPEN_FSM6CLA1A,Average Attainment 8 score per disadvantaged pupil for open element,,,,Yes,,,,,,,,,,,,,,,,,,,
167,P8MEAOPEN_FSM6CLA1A,Progress 8 measure for open element - disadvantaged pupils,,,,Yes,,,,,,,,,,,,,,,,,,,
168,P8MEAOPEN_CILOW_FSM6CLA1A,Lower 95% confidence interval for Progress 8 open element for disadvantaged pupils,,,,Yes,,,,,,,,,,,,,,,,,,,
169,P8MEAOPEN_CIUPP_FSM6CLA1A,Upper 95% confidence interval for Progress 8 open element for disadvantaged pupils,,,,Yes,,,,,,,,,,,,,,,,,,,
170,ATT8SCRENG_NFSM6CLA1A,Average Attainment 8 score per non-disadvantaged pupil for English element,,,,Yes,,,,,,,,,,,,,,,,,,,
171,P8MEAENG_NFSM6CLA1A,Progress 8 measure for English element - non-disadvantaged pupils,,,,Yes,,,,,,,,,,,,,,,,,,,
172,P8MEAENG_CILOW_NFSM6CLA1A,Lower 95% confidence interval for Progress 8 English element for non-disadvantaged pupils,,,,Yes,,,,,,,,,,,,,,,,,,,
173,P8MEAENG_CIUPP_NFSM6CLA1A,Upper 95% confidence interval for Progress 8 English element for non-disadvantaged pupils,,,,Yes,,,,,,,,,,,,,,,,,,,
174,ATT8SCRMAT_NFSM6CLA1A,Average Attainment 8 score per non-disadvantaged pupil for mathematics element,,,,Yes,,,,,,,,,,,,,,,,,,,
175,P8MEAMAT_NFSM6CLA1A,Progress 8 measure for maths element - non-disadvantaged pupils,,,,Yes,,,,,,,,,,,,,,,,,,,
176,P8MEAMAT_CILOW_NFSM6CLA1A,Lower 95% confidence interval for Progress 8 maths element for non-disadvantaged pupils,,,,Yes,,,,,,,,,,,,,,,,,,,
177,P8MEAMAT_CIUPP_NFSM6CLA1A,Upper 95% confidence interval for Progress 8 maths element for non-disadvantaged pupils,,,,Yes,,,,,,,,,,,,,,,,,,,
178,ATT8SCREBAC_NFSM6CLA1A,Average Attainment 8 score per non-disadvantaged pupil for EBacc element,,,,Yes,,,,,,,,,,,,,,,,,,,
179,P8MEAEBAC_NFSM6CLA1A,Progress 8 measure for EBacc element - non-disadvantaged pupils,,,,Yes,,,,,,,,,,,,,,,,,,,
180,P8MEAEBAC_CILOW_NFSM6CLA1A,Lower 95% confidence interval for Progress 8 EBacc element for non-disadvantaged pupils,,,,Yes,,,,,,,,,,,,,,,,,,,
181,P8MEAEBAC_CIUPP_NFSM6CLA1A,Upper 95% confidence interval for Progress 8 EBacc element for non-disadvantaged pupils,,,,Yes,,,,,,,,,,,,,,,,,,,
182,ATT8SCROPEN_NFSM6CLA1A,Average Attainment 8 score per non-disadvantaged pupil for open element,,,,Yes,,,,,,,,,,,,,,,,,,,
183,P8MEAOPEN_NFSM6CLA1A,Progress 8 measure for open element - non-disadvantaged pupils,,,,Yes,,,,,,,,,,,,,,,,,,,
184,P8MEAOPEN_CILOW_NFSM6CLA1A,Lower 95% confidence interval for Progress 8 open element for non-disadvantaged pupils,,,,Yes,,,,,,,,,,,,,,,,,,,
185,P8MEAOPEN_CIUPP_NFSM6CLA1A,Upper 95% confidence interval for Progress 8 open element for non-disadvantaged pupils,,,,Yes,,,,,,,,,,,,,,,,,,,
186,ATT8SCROPENG_FSM6CLA1A,Average Attainment 8 score per disadvantaged pupil for open element - GCSE only,,,,Yes,,,,,,,,,,,,,,,,,,,
187,ATT8SCROPENNG_FSM6CLA1A,Average Attainment 8 score per disadvantaged pupil for open element - non-GCSE only,,,,Yes,,,,,,,,,,,,,,,,,,,
188,ATT8SCROPENG_NFSM6CLA1A,Average Attainment 8 score per non-disadvantaged pupil for open element - GCSE only,,,,Yes,,,,,,,,,,,,,,,,,,,
189,ATT8SCROPENNG_NFSM6CLA1A,Average Attainment 8 score per non-disadvantaged pupil for open element - non-GCSE only,,,,Yes,,,,,,,,,,,,,,,,,,,
190,DIFFN_ATT8,Difference between Attainment 8 for disadvantaged pupils in school/LA and non-disadvantaged pupils nationally,,,,Yes,Yes,,,,,,,,,,,,,,,,,,
191,DIFFN_P8MEA,Difference between Progress 8 measure for disadvantaged pupils in school/LA and non-disadvantaged pupils nationally,,,,Yes,Yes,,,,,,,,,,,,,,,,,,
192,ATT8SCR_LO,Average Attainment 8 score per pupil with low prior attainment,,,,Yes,,,,,,,,,,,,,,,,,,,
193,P8PUP_LO,Number of pupils with low prior attainment included in Progress 8 measure,,,,Yes,,,,,,,,,,,,,,,,,,,
194,P8MEA_LO,Progress 8 measure - pupils with low prior attainment,,,,Yes,,,,,,,,,,,,,,,,,,,
195,P8CILOW_LO,Progress 8 lower 95% confidence interval - pupils with low prior attainment,,,,Yes,,,,,,,,,,,,,,,,,,,
196,P8CIUPP_LO,Progress 8 upper 95% confidence interval - pupils with low prior attainment,,,,Yes,,,,,,,,,,,,,,,,,,,
197,ATT8SCR_AV,Average Attainment 8 score per pupil with middle prior attainment,,,,Yes,,,,,,,,,,,,,,,,,,,
198,P8PUP_AV,Number of pupils with middle prior attainment included in Progress 8 measure,,,,Yes,,,,,,,,,,,,,,,,,,,
199,P8MEA_AV,Progress 8 measure - pupils with middle prior attainment,,,,Yes,,,,,,,,,,,,,,,,,,,
200,P8CILOW_AV,Progress 8 lower 95% confidence interval - pupils with middle prior attainment,,,,Yes,,,,,,,,,,,,,,,,,,,
201,P8CIUPP_AV,Progress 8 upper 95% confidence interval - pupils with middle prior attainment,,,,Yes,,,,,,,,,,,,,,,,,,,
202,ATT8SCR_HI,Average Attainment 8 score per pupil with high prior attainment,,,,Yes,,,,,,,,,,,,,,,,,,,
203,P8PUP_HI,Number of pupils with high prior attainment included in Progress 8 measure,,,,Yes,,,,,,,,,,,,,,,,,,,
204,P8MEA_HI,Progress 8 measure - pupils with high prior attainment,,,,Yes,,,,,,,,,,,,,,,,,,,
205,P8CILOW_HI,Progress 8 lower 95% confidence interval - pupils with high prior attainment,,,,Yes,,,,,,,,,,,,,,,,,,,
206,P8CIUPP_HI,Progress 8 upper 95% confidence interval - pupils with high prior attainment,,,,Yes,,,,,,,,,,,,,,,,,,,
207,ATT8SCR_EAL,Average Attainment 8 score per pupil for whom English is an additional language,,,,Yes,,,,,,,,,,,,,,,,,,,
208,P8PUP_EAL,Number of pupils for whom English is an additional language included in Progress 8 measure,,,,Yes,,,,,,,,,,,,,,,,,,,
209,P8MEA_EAL,Progress 8 measure - pupils for whom English is an additional language,,,,Yes,,,,,,,,,,,,,,,,,,,
210,P8CILOW_EAL,Progress 8 lower 95% confidence interval - pupils for whom English is an additional language,,,,Yes,,,,,,,,,,,,,,,,,,,
211,P8CIUPP_EAL,Progress 8 upper 95% confidence interval - pupils for whom English is an additional language,,,,Yes,,,,,,,,,,,,,,,,,,,
212,ATT8SCR_GIRLS,Average Attainment 8 score per girl,,,,,,,,,,,,,,,,,,,,,,,
213,P8PUP_GIRLS,Number of girls included in Progress 8 measure,,,,Yes,,,,,,,,,,,,,,,,,,,
214,P8MEA_GIRLS,Progress 8 measure - girls,,,,Yes,,,,,,,,,,,,,,,,,,,
215,P8CILOW_GIRLS,Progress 8 lower 95% confidence interval - girls,,,,Yes,,,,,,,,,,,,,,,,,,,
216,P8CIUPP_GIRLS,Progress 8 upper 95% confidence interval - girls,,,,Yes,,,,,,,,,,,,,,,,,,,
217,ATT8SCR_BOYS,Average Attainment 8 score per boy,,,,,,,,,,,,,,,,,,,,,,,
218,P8PUP_BOYS,Number of boys included in Progress 8 measure,,,,Yes,,,,,,,,,,,,,,,,,,,
219,P8MEA_BOYS,Progress 8 measure - boys,,,,Yes,,,,,,,,,,,,,,,,,,,
220,P8CILOW_BOYS,Progress 8 lower 95% confidence interval - boys,,,,Yes,,,,,,,,,,,,,,,,,,,
221,P8CIUPP_BOYS,Progress 8 upper 95% confidence interval - boys,,,,Yes,,,,,,,,,,,,,,,,,,,
222,ATT8SCR_NMOB,Average Attainment 8 score per non-mobile pupil,,,,Yes,,,,,,,,,,,,,,,,,,,
223,P8PUP_NMOB,Number of non-mobile pupils included in Progress 8 measure,,,,Yes,,,,,,,,,,,,,,,,,,,
224,P8MEA_NMOB,Progress 8 measure - non-mobile pupils,,,,Yes,,,,,,,,,,,,,,,,,,,
225,P8CILOW_NMOB,Progress 8 lower 95% confidence interval - non-mobile pupils,,,,Yes,,,,,,,,,,,,,,,,,,,
226,P8CIUPP_NMOB,Progress 8 upper 95% confidence interval - non-mobile pupils,,,,Yes,,,,,,,,,,,,,,,,,,,
227,ATT8SCR_15,Average Attainment 8 score per pupil  - 2015 opt-in schools only,,,,,,,,,,,,,,,,,,,,,,,
228,P8PUP_15,Number of pupils included in Progress 8 measure - 2015 opt-in schools only,,,,Yes,,,,,,,,,,,,,,,,,,,
229,P8MEA_15,Progress 8 measure - 2015 opt-in schools only,,,,Yes,,,,,,,,,,,,,,,,,,,
230,P8CILOW_15,Progress 8 lower 95% confidence interval - 2015 opt-in schools only,,,,Yes,,,,,,,,,,,,,,,,,,,
231,P8CIUPP_15,Progress 8 upper 95% confidence interval - 2015 opt-in schools only,,,,Yes,,,,,,,,,,,,,,,,,,,
232,ATT8SCR_16,Average Attainment 8 score per pupil in 2016,,,,,,,,,,,,,,,,,,,,,,,
233,P8PUP_16,Number of pupils included in Progress 8 measure in 2016,,,,Yes,,,,,,,,,,,,,,,,,,,
234,P8MEA_16,Progress 8 measure in 2016,,,,Yes,,,,,,,,,,,,,,,,,,,
235,P8CILOW_16,Lower 95% confidence interval for Progress 8 measure in 2016,,,,Yes,Yes,,,,,,,,,,,,,,,,,,
236,P8CIUPP_16,Upper 95% confidence interval for Progress 8 measure in 2016,,,,Yes,Yes,,,,,,,,,,,,,,,,,,
237,ATT8SCR_FSM6CLA1A_16,Average Attainment 8 score per disadvantaged pupil in 2016,,,,,,,,,,,,,,,,,,,,,,,
238,P8PUP_FSM6CLA1A__16,Number of disadvantaged pupils included in Progress 8 measure in 2016,,,,Yes,,,,,,,,,,,,,,,,,,,
239,P8MEA_FSM6CLA1A__16,Progress 8 measure for disadvantaged pupils in 2016,,,,Yes,,,,,,,,,,,,,,,,,,,
240,P8CILOW_FSM6CLA1A__16,Lower 95% confidence interval for disadvantaged pupil's Progress 8 measure in 2016,,,,Yes,,,,,,,,,,,,,,,,,,,
241,P8CIUPP_FSM6CLA1A__16,Upper 95% confidence interval for disadvantaged pupil's Progress 8 measure in 2016,,,,Yes,,,,,,,,,,,,,,,,,,,
242,ATT8SCR_NFSM6CLA1A__16,Average Attainment 8 score per non-disadvantaged pupil in 2016,,,,,,,,,,,,,,,,,,,,,,,
243,P8PUP_NFSM6CLA1A__16,Number of non-disadvantaged pupils included in Progress 8 measure in 2016,,,,Yes,,,,,,,,,,,,,,,,,,,
244,P8MEA_NFSM6CLA1A__16,Progress 8 measure for non-disadvantaged pupils in 2016,,,,Yes,,,,,,,,,,,,,,,,,,,
245,P8CILOW_NFSM6CLA1A__16,Lower 95% confidence interval for non-disadvantaged pupil's Progress 8 measure in 2016,,,,Yes,,,,,,,,,,,,,,,,,,,
246,P8CIUPP_NFSM6CLA1A__16,Upper 95% confidence interval for non-disadvantaged pupil's Progress 8 measure in 2016,,,,Yes,,,,,,,,,,,,,,,,,,,
247,TEBACC_ELO_PTQ_EE,Number of pupils with low prior attainment with entries in all English Baccalaureate subject areas,,,,Yes,,,,,,,,,,,,,,,,,,,
248,PTEBACC_ELO_PTQ_EE,Percentage of pupils with low prior attainment with entries in all English Baccalaureate subject areas,,,,Yes,,,,,,,,,,,,,,,,,,,
249,PTEBACCLO_94,Percentage of pupils with low prior attainment achieving the English Baccalaureate with standard passes (grades 9-4) in both English and maths and A*-C grades in the remaining elements,Yes - see 2017 methodology sheet for methodology change,,,Yes,,,,,,,,,,,,,,,,,,,
250,PTEBACCLO_95,Percentage of pupils with low prior attainment achieving the English Baccalaureate with strong passes (grades 9-5) in both English and maths and A*-C grades in the remaining elements,Yes - see 2017 methodology sheet for methodology change,,,Yes,,,,,,,,,,,,,,,,,,,
251,TEBACC_EAV_PTQ_EE,Number of pupils with middle prior attainment with entries in all English Baccalaureate subject areas,,,,Yes,,,,,,,,,,,,,,,,,,,
252,PTEBACC_EAV_PTQ_EE,Percentage of pupils with middle prior attainment with entries in all English Baccalaureate subject areas,,,,Yes,,,,,,,,,,,,,,,,,,,
253,PTEBACCAV_94,Percentage of pupils with middle prior attainment achieving the English Baccalaureate with standard passes (grades 9-4) in both English and maths and A*-C grades in the remaining elements,Yes - see 2017 methodology sheet for methodology change,,,Yes,,,,,,,,,,,,,,,,,,,
254,PTEBACCAV_95,Percentage of pupils with middle prior attainment achieving the English Baccalaureate with strong passes (grades 9-5) in both English and maths and A*-C grades in the remaining elements,Yes - see 2017 methodology sheet for methodology change,,,Yes,,,,,,,,,,,,,,,,,,,
255,TEBACC_EHI_PTQ_EE,Number of pupils with high prior attainment with entries in all English Baccalaureate subject areas,,,,Yes,,,,,,,,,,,,,,,,,,,
256,PTEBACC_EHI_PTQ_EE,Percentage of pupils with high prior attainment with entries in all English Baccalaureate subject areas,,,,Yes,,,,,,,,,,,,,,,,,,,
257,PTEBACCHI_94,Percentage of pupils with high prior attainment achieving the English Baccalaureate with standard passes (grades 9-4) in both English and maths and A*-C grades in the remaining elements,Yes - see 2017 methodology sheet for methodology change,,,Yes,,,,,,,,,,,,,,,,,,,
258,PTEBACCHI_95,Percentage of pupils with high prior attainment achieving the English Baccalaureate with strong passes (grades 9-5) in both English and maths and A*-C grades in the remaining elements,Yes - see 2017 methodology sheet for methodology change,,,Yes,,,,,,,,,,,,,,,,,,,
259,PTEBACC_EFSM6CLA1A_PTQ_EE,Percentage of disadvantaged pupils with entries in all English Baccalaureate subject areas,,,,Yes,,,,,,,,,,,,,,,,,,,
260,PTEBACC_ENFSM6CLA1A_PTQ_EE,Percentage of non-disadvantaged pupils with entries in all English Baccalaureate subject areas,,,,Yes,,,,,,,,,,,,,,,,,,,
261,PTEBACC_94_FSM6CLA1A,Percentage of disadvantaged pupils achieving the English Baccalaureate with standard passes (grades 9-4) in both English and maths and A*-C grades in the remaining elements,Yes - see 2017 methodology sheet for methodology change,,,Yes,,,,,,,,,,,,,,,,,,,
262,PTEBACC_95_FSM6CLA1A,Percentage of disadvantaged pupils achieving the English Baccalaureate with strong passes (grades 9-5) in both English and maths and A*-C grades in the remaining elements,Yes - see 2017 methodology sheet for methodology change,,,Yes,,,,,,,,,,,,,,,,,,,
263,PTEBACC_94_NFSM6CLA1A,Percentage of non-disadvantaged pupils achieving the English Baccalaureate with standard passes (grades 9-4) in both English and maths and A*-C grades in the remaining elements,Yes - see 2017 methodology sheet for methodology change,,,Yes,,,,,,,,,,,,,,,,,,,
264,PTEBACC_95_NFSM6CLA1A,Percentage of non-disadvantaged pupils achieving the English Baccalaureate with strong passes (grades 9-5) in both English and maths and A*-C grades in the remaining elements,Yes - see 2017 methodology sheet for methodology change,,,Yes,,,,,,,,,,,,,,,,,,,
265,SCIVAMEA_LO_PTQ_EE,English Baccalaureate Science Value Added measure for pupils with low prior attainment,,,Yes,Yes,,,,,,,,,,,,,,,,,,,
266,SCIVAMEA_AV_PTQ_EE,English Baccalaureate Science Value Added measure for pupils with middle prior attainment,,,Yes,Yes,,,,,,,,,,,,,,,,,,,
267,SCIVAMEA_HI_PTQ_EE,English Baccalaureate Science Value Added measure for pupils with high prior attainment,,,Yes,Yes,,,,,,,,,,,,,,,,,,,
268,SCIVAMEA_FSM6CLA1A_PTQ_EE,English Baccalaureate Science Value Added measure for disadvantaged pupils,,,Yes,Yes,,,,,,,,,,,,,,,,,,,
269,SCIVAMEA_NFSM6CLA1A_PTQ_EE,English Baccalaureate Science Value Added measure for non-disadvantaged pupils,,,Yes,Yes,,,,,,,,,,,,,,,,,,,
270,HUMVAMEA_LO_PTQ_EE,English Baccalaureate Humanities Value Added measure for pupils with low prior attainment,,,Yes,Yes,,,,,,,,,,,,,,,,,,,
271,HUMVAMEA_AV_PTQ_EE,English Baccalaureate Humanities Value Added measure for pupils with middle prior attainment,,,Yes,Yes,,,,,,,,,,,,,,,,,,,
272,HUMVAMEA_HI_PTQ_EE,English Baccalaureate Humanities Value Added measure for pupils with high prior attainment,,,Yes,Yes,,,,,,,,,,,,,,,,,,,
273,HUMVAMEA_FSM6CLA1A_PTQ_EE,English Baccalaureate Humanities Value Added measure for disadvantaged pupils,,,Yes,Yes,,,,,,,,,,,,,,,,,,,
274,HUMVAMEA_NFSM6CLA1A_PTQ_EE,English Baccalaureate Humanities Value Added measure for non-disadvantaged pupils,,,Yes,Yes,,,,,,,,,,,,,,,,,,,
275,LANVAMEA_LO_PTQ_EE,English Baccalaureate Languages Value Added measure for pupils with low prior attainment,,,Yes,Yes,,,,,,,,,,,,,,,,,,,
276,LANVAMEA_AV_PTQ_EE,English Baccalaureate Languages Value Added measure for pupils with middle prior attainment,,,Yes,Yes,,,,,,,,,,,,,,,,,,,
277,LANVAMEA_HI_PTQ_EE,English Baccalaureate Languages Value Added measure for pupils with high prior attainment,,,Yes,Yes,,,,,,,,,,,,,,,,,,,
278,LANVAMEA_FSM6CLA1A_PTQ_EE,English Baccalaureate Languages Value Added measure for disadvantaged pupils,,,Yes,Yes,,,,,,,,,,,,,,,,,,,
279,LANVAMEA_NFSM6CLA1A_PTQ_EE,English Baccalaureate Languages Value Added measure for non-disadvantaged pupils,,,Yes,Yes,,,,,,,,,,,,,,,,,,,
280,SCIVAUPP_FSM6CLA1A_PTQ_EE,Upper 95% confidence limit for English Baccalaureate Science Value Added measure for disadvantaged pupils,,,Yes,Yes,Yes,,,,,,,,,,,,,,,,,,
281,SCIVALOW_FSM6CLA1A_PTQ_EE,Lower 95% confidence limit for English Baccalaureate Science Value Added measure for disadvantaged pupils,,,Yes,Yes,Yes,,,,,,,,,,,,,,,,,,
282,SCIVAUPP_NFSM6CLA1A_PTQ_EE,Upper 95% confidence limit for English Baccalaureate Science Value Added measure for non-disadvantaged pupils,,,Yes,Yes,Yes,,,,,,,,,,,,,,,,,,
283,SCIVALOW_NFSM6CLA1A_PTQ_EE,Lower 95% confidence limit for English Baccalaureate Science Value Added measure for non-disadvantaged pupils,,,Yes,Yes,Yes,,,,,,,,,,,,,,,,,,
284,SCIVAUPP_LO_PTQ_EE,Upper 95% confidence limit for English Baccalaureate Science Value Added measure for pupils with low prior attainment,,,Yes,Yes,Yes,,,,,,,,,,,,,,,,,,
285,SCIVALOW_LO_PTQ_EE,Lower 95% confidence limit for English Baccalaureate Science Value Added measure for pupils with low prior attainment,,,Yes,Yes,Yes,,,,,,,,,,,,,,,,,,
286,SCIVAUPP_AV_PTQ_EE,Upper 95% confidence limit for English Baccalaureate Science Value Added measure for pupils with middle prior attainment,,,Yes,Yes,Yes,,,,,,,,,,,,,,,,,,
287,SCIVALOW_AV_PTQ_EE,Lower 95% confidence limit for English Baccalaureate Science Value Added measure for pupils with middle prior attainment,,,Yes,Yes,Yes,,,,,,,,,,,,,,,,,,
288,SCIVAUPP_HI_PTQ_EE,Upper 95% confidence limit for English Baccalaureate Science Value Added measure for pupils with high prior attainment,,,Yes,Yes,Yes,,,,,,,,,,,,,,,,,,
289,SCIVALOW_HI_PTQ_EE,Lower 95% confidence limit for English Baccalaureate Science Value Added measure for pupils with high prior attainment,,,Yes,Yes,Yes,,,,,,,,,,,,,,,,,,
290,HUMVAUPP_FSM6CLA1A_PTQ_EE,Upper 95% confidence limit for English Baccalaureate Humanities Value Added measure for disadvantaged pupils,,,Yes,Yes,Yes,,,,,,,,,,,,,,,,,,
291,HUMVALOW_FSM6CLA1A_PTQ_EE,Lower 95% confidence limit for English Baccalaureate Humanities Value Added measure for disadvantaged pupils,,,Yes,Yes,Yes,,,,,,,,,,,,,,,,,,
292,HUMVAUPP_NFSM6CLA1A_PTQ_EE,Upper 95% confidence limit for English Baccalaureate Humanities Value Added measure for non-disadvantaged pupils,,,Yes,Yes,Yes,,,,,,,,,,,,,,,,,,
293,HUMVALOW_NFSM6CLA1A_PTQ_EE,Lower 95% confidence limit for English Baccalaureate Humanities Value Added measure for non-disadvantaged pupils,,,Yes,Yes,Yes,,,,,,,,,,,,,,,,,,
294,HUMVAUPP_LO_PTQ_EE,Upper 95% confidence limit for English Baccalaureate Humanities Value Added measure for pupils with low prior attainment,,,Yes,Yes,Yes,,,,,,,,,,,,,,,,,,
295,HUMVALOW_LO_PTQ_EE,Lower 95% confidence limit for English Baccalaureate Humanities Value Added measure for pupils with low prior attainment,,,Yes,Yes,Yes,,,,,,,,,,,,,,,,,,
296,HUMVAUPP_AV_PTQ_EE,Upper 95% confidence limit for English Baccalaureate Humanities Value Added measure for pupils with middle prior attainment,,,Yes,Yes,Yes,,,,,,,,,,,,,,,,,,
297,HUMVALOW_AV_PTQ_EE,Lower 95% confidence limit for English Baccalaureate Humanities Value Added measure for pupils with middle prior attainment,,,Yes,Yes,Yes,,,,,,,,,,,,,,,,,,
298,HUMVAUPP_HI_PTQ_EE,Upper 95% confidence limit for English Baccalaureate Humanities Value Added measure for pupils with high prior attainment,,,Yes,Yes,Yes,,,,,,,,,,,,,,,,,,
299,HUMVALOW_HI_PTQ_EE,Lower 95% confidence limit for English Baccalaureate Humanities Value Added measure for pupils with high prior attainment,,,Yes,Yes,Yes,,,,,,,,,,,,,,,,,,
300,LANVAUPP_FSM6CLA1A_PTQ_EE,Upper 95% confidence limit for English Baccalaureate Languages Value Added measure for disadvantaged pupils,,,Yes,Yes,Yes,,,,,,,,,,,,,,,,,,
301,LANVALOW_FSM6CLA1A_PTQ_EE,Lower 95% confidence limit for English Baccalaureate Languages Value Added measure for disadvantaged pupils,,,Yes,Yes,Yes,,,,,,,,,,,,,,,,,,
302,LANVAUPP_NFSM6CLA1A_PTQ_EE,Upper 95% confidence limit for English Baccalaureate Languages Value Added measure for non-disadvantaged pupils,,,Yes,Yes,Yes,,,,,,,,,,,,,,,,,,
303,LANVALOW_NFSM6CLA1A_PTQ_EE,Lower 95% confidence limit for English Baccalaureate Languages Value Added measure for non-disadvantaged pupils,,,Yes,Yes,Yes,,,,,,,,,,,,,,,,,,
304,LANVAUPP_LO_PTQ_EE,Upper 95% confidence limit for English Baccalaureate Languages Value Added measure for pupils with low prior attainment,,,Yes,Yes,Yes,,,,,,,,,,,,,,,,,,
305,LANVALOW_LO_PTQ_EE,Lower 95% confidence limit for English Baccalaureate Languages Value Added measure for pupils with low prior attainment,,,Yes,Yes,Yes,,,,,,,,,,,,,,,,,,
306,LANVAUPP_AV_PTQ_EE,Upper 95% confidence limit for English Baccalaureate Languages Value Added measure for pupils with middle prior attainment,,,Yes,Yes,Yes,,,,,,,,,,,,,,,,,,
307,LANVALOW_AV_PTQ_EE,Lower 95% confidence limit for English Baccalaureate Languages Value Added measure for pupils with middle prior attainment,,,Yes,Yes,Yes,,,,,,,,,,,,,,,,,,
308,LANVAUPP_HI_PTQ_EE,Upper 95% confidence limit for English Baccalaureate Languages Value Added measure for pupils with high prior attainment,,,Yes,Yes,Yes,,,,,,,,,,,,,,,,,,
309,LANVALOW_HI_PTQ_EE,Lower 95% confidence limit for English Baccalaureate Languages Value Added measure for pupils with high prior attainment,,,Yes,Yes,Yes,,,,,,,,,,,,,,,,,,
310,PTEBACC_E_14_PTQ,Percentage of pupils entering all English Baccalaureate subject areas in 2014,,,,,,,,,,,,,,,,,,,,,,,
311,PTEBACC_14_PTQ,Percentage of pupils achieving the English Baccalaureate in 2014,,,,,,,,,,,,,,,,,,,,,,,
312,PTEBACC_E_15_PTQ_EE,Percentage of pupils entering all English Baccalaureate subject areas in 2015,,,,,,,,,,,,,,,,,,,,,,,
313,PTEBACC_15_PTQ_EE,Percentage of pupils achieving the English Baccalaureate in 2015,,,,,,,,,,,,,,,,,,,,,,,
314,PTEBACC_E_16_PTQ_EE,Percentage of pupils entering all English Baccalaureate subject areas in 2016,,,,,,,,,,,,,,,,,,,,,,,
315,PTEBACC_16_PTQ_EE,Percentage of pupils achieving the English Baccalaureate in 2016,,,,,,,,,,,,,,,,,,,,,,,
316,PBEBACC_E_PTQ_EE,Percentage of boys with entries in all English Baccalaureate subject areas,,,,,,,,,,,,,,,,,,,,,,,
317,PBEBACC_94,Percentage of boys achieving the English Baccalaureate with standard passes (grades 9-4) in both English and maths and A*-C grades in the remaining elements,Yes - see 2017 methodology sheet for methodology change,,,,,,,,,,,,,,,,,,,,,,
318,PBEBACC_95,Percentage of boys achieving the English Baccalaureate with strong passes (grades 9-5) in both English and maths and A*-C grades in the remaining elements,Yes - see 2017 methodology sheet for methodology change,,,,,,,,,,,,,,,,,,,,,,
319,PGEBACC_E_PTQ_EE,Percentage of girls with entries in all English Baccalaureate subject areas,,,,,,,,,,,,,,,,,,,,,,,
320,PGEBACC_94,Percentage of girls achieving the English Baccalaureate with standard passes (grades 9-4) in both English and maths and A*-C grades in the remaining elements,Yes - see 2017 methodology sheet for methodology change,,,,,,,,,,,,,,,,,,,,,,
321,PGEBACC_95,Percentage of girls achieving the English Baccalaureate with strong passes (grades 9-5) in both English and maths and A*-C grades in the remaining elements,Yes - see 2017 methodology sheet for methodology change,,,,,,,,,,,,,,,,,,,,,,
322,PTEBACC_ENMOB_PTQ_EE,Percentage of non-mobile pupils with entries in all English Baccalaureate subject areas,,,,Yes,,,,,,,,,,,,,,,,,,,
323,PTEBACCNMOB_94,Percentage of non-mobile pupils achieving the English Baccalaureate with standard passes (grades 9-4) in both English and maths and A*-C grades in the remaining elements,Yes - see 2017 methodology sheet for methodology change,,,Yes,,,,,,,,,,,,,,,,,,,
324,PTEBACCNMOB_95,Percentage of non-mobile pupils achieving the English Baccalaureate with strong passes (grades 9-5) in both English and maths and A*-C grades in the remaining elements,Yes - see 2017 methodology sheet for methodology change,,,Yes,,,,,,,,,,,,,,,,,,,
325,PTEBACC_EEAL_PTQ_EE,Percentage of pupils for whom English is an additional language with entries in all English Baccalaureate subject areas,,,,Yes,,,,,,,,,,,,,,,,,,,
326,PTEBACCEAL_94,Percentage of pupils for whom English as an additional language achieving the English Baccalaureate with standard passes (grades 9-4) in both English and maths and A*-C grades in the remaining elements,Yes - see 2017 methodology sheet for methodology change,,,Yes,,,,,,,,,,,,,,,,,,,
327,PTEBACCEAL_95,Percentage of pupils for whom English as an additional language achieving the English Baccalaureate with strong passes (grades 9-5) in both English and maths and A*-C grades in the remaining elements,Yes - see 2017 methodology sheet for methodology change,,,Yes,,,,,,,,,,,,,,,,,,,
328,PTEBACC_EFSM_14_PTQ,Percentage of disadvantaged pupils entering all English Baccalaureate subject areas in 2014,,,,Yes,,,,,,,,,,,,,,,,,,,
329,PTEBACC_FSM_14_PTQ,Percentage of disadvantaged pupils achieving the English Baccalaureate in 2014,,,,Yes,,,,,,,,,,,,,,,,,,,
330,PTEBACC_ENFSM_14_PTQ,Percentage of non-disadvantaged pupils entering all English Baccalaureate subject areas in 2014,,,,Yes,,,,,,,,,,,,,,,,,,,
331,PTEBACC_NFSM_14_PTQ,Percentage  non-disadvantaged pupils achieving the English Baccalaureate in 2014,,,,Yes,,,,,,,,,,,,,,,,,,,
332,PTEBACC_EFSM6CLA1A_15_PTQ_EE,Percentage of disadvantaged pupils entering all English Baccalaureate subject areas in 2015,,,,Yes,,,,,,,,,,,,,,,,,,,
333,PTEBACC_FSM6CLA1A_15_PTQ_EE,Percentage of disadvantaged pupils achieving the English Baccalaureate in 2015,,,,Yes,,,,,,,,,,,,,,,,,,,
334,PTEBACC_ENFSM6CLA1A_15_PTQ_EE,Percentage of non-disadvantaged pupils entering all English Baccalaureate subject areas in 2015,,,,Yes,,,,,,,,,,,,,,,,,,,
335,PTEBACC_NFSM6CLA1A_15_PTQ_EE,Percentage of non-disadvantaged pupils achieving the English Baccalaureate in 2015,,,,Yes,,,,,,,,,,,,,,,,,,,
336,PTEBACC_EFSM6CLA1A_16_PTQ_EE,Percentage of disadvantaged pupils entering all English Baccalaureate subject areas in 2016,,,,Yes,,,,,,,,,,,,,,,,,,,
337,PTEBACC_FSM6CLA1A_16_PTQ_EE,Percentage of disadvantaged pupils achieving the English Baccalaureate in 2016,,,,Yes,,,,,,,,,,,,,,,,,,,
338,PTEBACC_ENFSM6CLA1A_16_PTQ_EE,Percentage of non-disadvantaged pupils entering all English Baccalaureate subject areas in 2016,,,,Yes,,,,,,,,,,,,,,,,,,,
339,PTEBACC_NFSM6CLA1A_16_PTQ_EE,Percentage of non-disadvantaged pupils achieving the English Baccalaureate in 2016,,,,Yes,,,,,,,,,,,,,,,,,,,
340,PT5EM_94,Percentage of pupils achieving 5+ A*-C/9-4 or equivalents including 9-4 in both English and mathematics GCSEs,,,,,,,,,,,,,,,,,,,,,,,
341,AC5EM14_PTQ,Percentage of pupils achieving 5+ A*-C or equivalents including A*-C in both English and mathematics GCSEs - 2014,,,,,,,,,,,,,,,,,,,,,,,
342,AC5EM15_PTQ_EE,Percentage of pupils achieving 5+ A*-C or equivalents including A*-C in both English and mathematics GCSEs - 2015,,,,,,,,,,,,,,,,,,,,,,,
343,AC5EM16_PTQ_EE,Percentage of pupils achieving 5+ A*-C or equivalents including A*-C in both English and mathematics GCSEs - 2016,,,,,,,,,,,,,,,,,,,,,,,
344,PT5EM_94_17,Percentage of pupils achieving 5+ A*-C/9-4 or equivalents including 9-4 in both English and mathematics GCSEs - 2017,,,,,,,,,,,,,,,,,,,,,,,
345,PTANYQ_PTQ_EE,Percentage of pupils achieving any qualifications,,,,,,,,,,,,,,,,,,,,,,,
346,PTL2BASICS_14_PTQ,Percentage of pupils achieving grades A*-C in both English and mathematics GCSEs in 2014,,,,,,,,,,,,,,,,,,,,,,,
347,PTL2BASICS_15_PTQ_EE,Percentage of pupils achieving grades A*-C in both English and mathematics GCSEs in 2015,,,,,,,,,,,,,,,,,,,,,,,
348,PTL2BASICS_16_PTQ_EE,Percentage of pupils achieving grades A*-C in both English and mathematics GCSEs in 2016,,,,,,,,,,,,,,,,,,,,,,,
349,PTFSM6CLA1ABASICS_94,Percentage of disadvantaged pupils achieving standard passes (grades 9-4) in both English and mathematics GCSEs,Yes - see 2017 methodology sheet for methodology change,,,Yes,,,,,,,,,,,,,,,,,,,
350,PTNOTFSM6CLA1ABASICS_94,Percentage of non-disadvantaged pupils achieving standard passes (grades 9-4) in both English and mathematics GCSEs,Yes - see 2017 methodology sheet for methodology change,,,Yes,,,,,,,,,,,,,,,,,,,
351,TBASICSLO_94,Number of pupils with low prior attainment achieving standard passes (grades 9-4) in both English and mathematics GCSEs,Yes - see 2017 methodology sheet for methodology change,,,Yes,,,,,,,,,,,,,,,,,,,
352,PTBASICSLO_94,Percentage of pupils with low prior attainment achieving standard passes (grades 9-4) in both English and mathematics GCSEs,Yes - see 2017 methodology sheet for methodology change,,,Yes,,,,,,,,,,,,,,,,,,,
353,TBASICSAV_94,Number of pupils with middle prior attainment achieving standard passes (grades 9-4) in both English and mathematics GCSEs,Yes - see 2017 methodology sheet for methodology change,,,Yes,,,,,,,,,,,,,,,,,,,
354,PTBASICSAV_94,Percentage of pupils with middle prior attainment achieving standard passes (grades 9-4) in both English and mathematics GCSEs,Yes - see 2017 methodology sheet for methodology change,,,Yes,,,,,,,,,,,,,,,,,,,
355,TBASICSHI_94,Number of pupils with high prior attainment achieving standard passes (grades 9-4) in both English and mathematics GCSEs,Yes - see 2017 methodology sheet for methodology change,,,Yes,,,,,,,,,,,,,,,,,,,
356,PTBASICSHI_94,Percentage of pupils with high prior attainment achieving standard passes (grades 9-4) in both English and mathematics GCSEs,Yes - see 2017 methodology sheet for methodology change,,,Yes,,,,,,,,,,,,,,,,,,,
357,PBL2BASICS_94,Percentage of boys achieving standard passes (grades 9-4) in both English and mathematics GCSEs,Yes - see 2017 methodology sheet for methodology change,,,,,,,,,,,,,,,,,,,,,,
358,PGL2BASICS_94,Percentage of girls achieving standard passes (grades 9-4) in both English and mathematics GCSEs,Yes - see 2017 methodology sheet for methodology change,,,,,,,,,,,,,,,,,,,,,,
359,PTL2BASICSEAL_94,Percentage of pupils for whom English as an additional language achieving standard passes (grades 9-4) in both English and mathematics GCSEs,Yes - see 2017 methodology sheet for methodology change,,,Yes,,,,,,,,,,,,,,,,,,,
360,PTL2BASICSNMOB_94,Percentage of non-mobile pupils achieving standard passes (grades 9-4) in both English and mathematics GCSEs,Yes - see 2017 methodology sheet for methodology change,,,Yes,,,,,,,,,,,,,,,,,,,
361,PTFSM6CLA1ABASICS_95,Percentage of disadvantaged pupils achieving strong passes (grades 9-5) in both English and mathematics GCSEs,Yes - see 2017 methodology sheet for methodology change,,,Yes,,,,,,,,,,,,,,,,,,,
362,PTNOTFSM6CLA1ABASICS_95,Percentage of non-disadvantaged pupils achieving strong passes (grades 9-5) in both English and mathematics GCSEs,Yes - see 2017 methodology sheet for methodology change,,,Yes,,,,,,,,,,,,,,,,,,,
363,TBASICSLO_95,Number of pupils with low prior attainment achieving strong passes (grades 9-5) in both English and mathematics GCSEs,Yes - see 2017 methodology sheet for methodology change,,,Yes,,,,,,,,,,,,,,,,,,,
364,PTBASICSLO_95,Percentage of pupils with low prior attainment achieving strong passes (grades 9-5) in both English and mathematics GCSEs,Yes - see 2017 methodology sheet for methodology change,,,Yes,,,,,,,,,,,,,,,,,,,
365,TBASICSAV_95,Number of pupils with middle prior attainment achieving strong passes (grades 9-5) in both English and mathematics GCSEs,Yes - see 2017 methodology sheet for methodology change,,,Yes,,,,,,,,,,,,,,,,,,,
366,PTBASICSAV_95,Percentage of pupils with middle prior attainment achieving strong passes (grades 9-5) in both English and mathematics GCSEs,Yes - see 2017 methodology sheet for methodology change,,,Yes,,,,,,,,,,,,,,,,,,,
367,TBASICSHI_95,Number of pupils with high prior attainment achieving strong passes (grades 9-5) in both English and mathematics GCSEs,Yes - see 2017 methodology sheet for methodology change,,,Yes,,,,,,,,,,,,,,,,,,,
368,PTBASICSHI_95,Percentage of pupils with high prior attainment achieving strong passes (grades 9-5) in both English and mathematics GCSEs,Yes - see 2017 methodology sheet for methodology change,,,Yes,,,,,,,,,,,,,,,,,,,
369,PBL2BASICS_95,Percentage of boys achieving strong passes (grades 9-5) in both English and mathematics GCSEs,Yes - see 2017 methodology sheet for methodology change,,,,,,,,,,,,,,,,,,,,,,
370,PGL2BASICS_95,Percentage of girls achieving strong passes (grades 9-5) in both English and mathematics GCSEs,Yes - see 2017 methodology sheet for methodology change,,,,,,,,,,,,,,,,,,,,,,
371,PTL2BASICSEAL_95,Percentage of pupils for whom English as an additional language achieving strong passes (grades 9-5) in both English and mathematics GCSEs,Yes - see 2017 methodology sheet for methodology change,,,Yes,,,,,,,,,,,,,,,,,,,
372,PTL2BASICSNMOB_95,Percentage of non-mobile pupils achieving strong passes (grades 9-5) in both English and mathematics GCSEs,Yes - see 2017 methodology sheet for methodology change,,,Yes,,,,,,,,,,,,,,,,,,,
373,PTFSMBASICS_14_PTQ,Percentage of disadvantaged pupils achieving grades A*-C in both English and mathematics GCSEs in 2014,,,,Yes,,,,,,,,,,,,,,,,,,,
374,PTNOTFSMBASICS_14_PTQ,Percentage of non-disadvantaged pupils achieving grades A*-C in both English and mathematics GCSEs in 2014,,,,Yes,,,,,,,,,,,,,,,,,,,
375,PTFSM6CLA1ABASICS_15_PTQ_EE,Percentage of disadvantaged pupils achieving grades A*-C in both English and mathematics GCSEs in 2015,,,,Yes,,,,,,,,,,,,,,,,,,,
376,PTNOTFSM6CLA1ABASICS_15_PTQ_EE,Percentage of non-disadvantaged pupils achieving grades A*-C in both English and mathematics GCSEs in 2015,,,,Yes,,,,,,,,,,,,,,,,,,,
377,PTFSM6CLA1ABASICS_16_PTQ_EE,Percentage of disadvantaged pupils achieving grades A*-C in both English and mathematics GCSEs in 2016,,,,Yes,,,,,,,,,,,,,,,,,,,
378,PTNOTFSM6CLA1ABASICS_16_PTQ_EE,Percentage of non-disadvantaged pupils achieving grades A*-C in both English and mathematics GCSEs in 2016,,,,Yes,,,,,,,,,,,,,,,,,,,
379,PTmultiLan_E,Percentage of pupils entering more than one language,,,,,,,,,,,,,,,,,,,,,,,
380,PTtripleSci_E,"Percentage of pupils entering biology, chemistry and physics",,,,,,,,,,,,,,,,,,,,,,,
381,TFSMCLA_14,Number of disadvantaged pupils at the end of key stage 4 in 2014,,,,Yes,,,,,,,,,,,,,,,,,,,
382,PTFSMCLA_14,Percentage of pupils at the end of key stage 4 who were disadvantaged in 2014,,,,Yes,,,,,,,,,,,,,,,,,,,
383,TNOTFSMCLA_14,Number of non-disadvantaged pupils at the end of key stage 4 in 2014,,,,Yes,,,,,,,,,,,,,,,,,,,
384,PTNOTFSMCLA_14,Percentage of pupils at the end of key stage 4 who were not disadvantaged in 2014,,,,Yes,,,,,,,,,,,,,,,,,,,
385,TFSM6CLA1A_15,Number of disadvantaged pupils at the end of key stage 4 in 2015,,,,Yes,,,,,,,,,,,,,,,,,,,
386,PTFSM6CLA1A_15,Percentage of pupils at the end of key stage 4 who were disadvantaged in 2015,,,,Yes,,,,,,,,,,,,,,,,,,,
387,TNOTFSM6CLA1A_15,Number of non-disadvantaged pupils at the end of key stage 4 in 2015,,,,Yes,,,,,,,,,,,,,,,,,,,
388,PTNOTFSM6CLA1A_15,Percentage of pupils at the end of key stage 4 who were not disadvantaged in 2015,,,,Yes,,,,,,,,,,,,,,,,,,,
389,TFSM6CLA1A_16,Number of disadvantaged pupils at the end of key stage 4 in 2016,,,,Yes,,,,,,,,,,,,,,,,,,,
390,PTFSM6CLA1A_16,Percentage of pupils at the end of key stage 4 who were disadvantaged in 2016,,,,Yes,,,,,,,,,,,,,,,,,,,
391,TNOTFSM6CLA1A_16,Number of non-disadvantaged pupils at the end of key stage 4 in 2016,,,,Yes,,,,,,,,,,,,,,,,,,,
392,PTNOTFSM6CLA1A_16,Percentage of pupils at the end of key stage 4 who were not disadvantaged in 2016,,,,Yes,,,,,,,,,,,,,,,,,,,
393,TAVENT_E_3NG_PTQ_EE,Average number of GCSE and equivalents entries per pupil,Yes - see 2016 methodology sheet for methodology change,,,,,,,,,,,,,,,,,,,,,,
394,TAVENT_E_3NG_LO_PTQ_EE,Average number of GCSE and equivalents entries per pupil with low prior attainment,Yes - see 2016 methodology sheet for methodology change,,,Yes,,,,,,,,,,,,,,,,,,,
395,TAVENT_E_3NG_AV_PTQ_EE,Average number of GCSE and equivalents entries per pupil with middle prior attainment,Yes - see 2016 methodology sheet for methodology change,,,Yes,,,,,,,,,,,,,,,,,,,
396,TAVENT_E_3NG_HI_PTQ_EE,Average number of GCSE and equivalents entries per pupil with high prior attainment,Yes - see 2016 methodology sheet for methodology change,,,Yes,,,,,,,,,,,,,,,,,,,
397,TAVENT_E_3NG_FSM6CLA1A_PTQ_EE,Average number of GCSE and equivalents entries per disadvantaged pupil,Yes - see 2016 methodology sheet for methodology change,,,Yes,,,,,,,,,,,,,,,,,,,
398,TAVENT_E_3NG_NFSM6CLA1A_PTQ_EE,Average number of GCSE and equivalents entries per non-disadvantaged pupil,Yes - see 2016 methodology sheet for methodology change,,,Yes,,,,,,,,,,,,,,,,,,,
399,TAVENT_EFSM_14_PTQ,Average number of GCSE and equivalents entries per disadvantaged pupil in 2014,,,,Yes,,,,,,,,,,,,,,,,,,,
400,TAVENT_ENFSM_14_PTQ,Average number of GCSE and equivalents entries per non-disadvantaged pupil in 2014,,,,Yes,,,,,,,,,,,,,,,,,,,
401,TAVENT_EFSM6CLA1A_15_PTQ_EE,Average number of GCSE and equivalents entries per disadvantaged pupil in 2015,,,,Yes,,,,,,,,,,,,,,,,,,,
402,TAVENT_ENFSM6CLA1A_15_PTQ_EE,Average number of GCSE and equivalents entries per non-disadvantaged pupil in 2015,,,,Yes,,,,,,,,,,,,,,,,,,,
403,TAVENT_EFSM6CLA1A_16_PTQ_EE,Average number of GCSE and equivalents entries per disadvantaged pupil in 2016,,,,Yes,,,,,,,,,,,,,,,,,,,
404,TAVENT_ENFSM6CLA1A_16_PTQ_EE,Average number of GCSE and equivalents entries per non-disadvantaged pupil in 2016,,,,Yes,,,,,,,,,,,,,,,,,,,
405,TAVENT_G_PTQ_EE,Average number of GCSE entries per pupil,,,,,,,,,,,,,,,,,,,,,,,
406,TAVENT_GLO_PTQ_EE,Average number of GCSE entries per pupil with low prior attainment,,,,Yes,,,,,,,,,,,,,,,,,,,
407,TAVENT_GAV_PTQ_EE,Average number of GCSE entries per pupil with middle prior attainment,,,,Yes,,,,,,,,,,,,,,,,,,,
408,TAVENT_GHI_PTQ_EE,Average number of GCSE entries per pupil with high prior attainment,,,,Yes,,,,,,,,,,,,,,,,,,,
409,TAVENT_GFSM6CLA1A_PTQ_EE,Average number of GCSE entries per disadvantaged pupil,,,,Yes,,,,,,,,,,,,,,,,,,,
410,TAVENT_GNFSM6CLA1A_PTQ_EE,Average number of GCSE entries per non-disadvantaged pupil,,,,Yes,,,,,,,,,,,,,,,,,,,
411,TAVENT_GFSM_14_PTQ,Average number of GCSE entries per disadvantaged pupil in 2014,,,,Yes,,,,,,,,,,,,,,,,,,,
412,TAVENT_GNFSM_14_PTQ,Average number of GCSE entries per non-disadvantaged pupil in 2014,,,,Yes,,,,,,,,,,,,,,,,,,,
413,TAVENT_GFSM6CLA1A_15_PTQ_EE,Average number of GCSE entries per disadvantaged pupil in 2015,,,,Yes,,,,,,,,,,,,,,,,,,,
414,TAVENT_GNFSM6CLA1A_15_PTQ_EE,Average number of GCSE entries per non-disadvantaged pupil in 2015,,,,Yes,,,,,,,,,,,,,,,,,,,
415,TAVENT_GFSM6CLA1A_16_PTQ_EE,Average number of GCSE entries per disadvantaged pupil in 2016,,,,Yes,,,,,,,,,,,,,,,,,,,
416,TAVENT_GNFSM6CLA1A_16_PTQ_EE,Average number of GCSE entries per non-disadvantaged pupil in 2016,,,,Yes,,,,,,,,,,,,,,,,,,,
